Workbook

Sheet Tong_quan
A1: KẾ HOẠCH 5 TUẦN – TÌM HIỂU VÀ ỨNG DỤNG SPRING BOOT
A3: Hạng mục | B3: Nội dung chốt | D3: KPI | E3: Giá trị
A4: Công nghệ chính | B4: Spring Boot (Backend Framework) | D4: Tổng công việc | E4: 45
A5: Case study | B5: Quản lý khóa học trực tuyến – dùng để chứng minh việc vận dụng công nghệ | D5: Hoàn thành | E5: =COUNTIF(Ke_hoach_5_tuan!K2:K46,"Hoàn thành") -> 7
A6: Tầng 1 bắt buộc | B6: IoC & Dependency Injection; REST Controller + Service; Spring Data JPA | D6: Đang làm | E6: =COUNTIF(Ke_hoach_5_tuan!K2:K46,"Đang làm") -> 4
A7: Chọn thêm | B7: Bean Validation; Global Exception Handler | D7: Bị chặn | E7: =COUNTIF(Ke_hoach_5_tuan!K2:K46,"Bị chặn") -> 0
A8: Tầng 3 đề xuất | B8: Cache – sử dụng Spring Cache + Redis; tập trung cache hit/miss, TTL, invalidation và đo hiệu năng trước/sau | D8: Tiến độ | E8: =IF(E4=0,0,E5/E4) -> 0.15555556
A9: Nhóm | B9: 3 thành viên – mọi người phải hiểu toàn bộ vì có thể bị bốc thực hành tại chỗ
D10: Thành viên | E10: Số task chính | F10: Hoàn thành | G10: Tiến độ
A11: Mốc bắt buộc theo 5 tuần | D11: Thành viên 1 | E11: =COUNTIF(Ke_hoach_5_tuan!E2:E46,D11) -> 15 | F11: =COUNTIFS(Ke_hoach_5_tuan!E2:E46,D11,Ke_hoach_5_tuan!K2:K46,"Hoàn thành") -> 3 | G11: =IF(E11=0,0,F11/E11) -> 0.2
A12: Tuần 1 | B12: Repo + môi trường + DB + Swagger + ERD + nháp Lời mở đầu/Chương 1-3 | D12: Thành viên 2 | E12: =COUNTIF(Ke_hoach_5_tuan!E2:E46,D12) -> 14 | F12: =COUNTIFS(Ke_hoach_5_tuan!E2:E46,D12,Ke_hoach_5_tuan!K2:K46,"Hoàn thành") -> 1 | G12: =IF(E12=0,0,F12/E12) -> 0.071428571
A13: Tuần 2 | B13: Hoàn thành Tầng 1 + Bean Validation + Global Exception Handler + Chương 4-6 | D13: Thành viên 3 | E13: =COUNTIF(Ke_hoach_5_tuan!E2:E46,D13) -> 16 | F13: =COUNTIFS(Ke_hoach_5_tuan!E2:E46,D13,Ke_hoach_5_tuan!K2:K46,"Hoàn thành") -> 3 | G13: =IF(E13=0,0,F13/E13) -> 0.1875
A14: Tuần 3 | B14: Main flow case study + test/CI/Tầng 2 + Chương 11 | D14: Tổng | E14: =SUM(E11:E13) -> 45 | F14: =SUM(F11:F13) -> 7 | G14: =IF(E14=0,0,F14/E14) -> 0.15555556
A15: Tuần 4 | B15: Cache + số liệu before/after + Chương 7/12 + Bảng phủ kỹ thuật
A16: Tuần 5 | B16: Chương 13-14 + AI Disclosure + phụ lục + Lab + slide + niêm phong commit
A17: Nguyên tắc | B17: Không thêm feature lớn sau Tuần 4; ưu tiên chứng minh, kiểm thử, báo cáo và luyện thực hành.

Sheet Ke_hoach_5_tuan
A1: ID | B1: Tuần | C1: Công việc lớn | D1: Công việc chi tiết cần làm | E1: Người phụ trách chính | F1: Người phối hợp | G1: Tầng / Phần báo cáo | H1: Sản phẩm / Minh chứng | I1: Hạn | J1: Ưu tiên | K1: Trạng thái | L1: Ghi chú
A2: 1 | B2: Tuần 1 | C2: Chốt phạm vi đề tài | D2: Đọc lại yêu cầu môn học; xác nhận công nghệ chính là Spring Boot; ghi rõ Tầng 1 bắt buộc: IoC/DI, REST Controller + Service, Spring Data JPA; chọn thêm Bean Validation + Global Exception Handler; Tầng 3 đề xuất Cache. | E2: Thành viên 1 | F2: TV2, TV3 | G2: Mở đầu / Phần 1 | H2: Biên bản chốt scope + danh sách nội dung T1/T2/T3 | I2: Cuối Tuần 1 | J2: Cao | K2: Hoàn thành
A3: 2 | B3: Tuần 1 | C3: Khảo sát Spring Boot | D3: Tìm hiểu lịch sử, tổ chức phát triển, loại công nghệ (backend framework), pain-point giải quyết, hệ sinh thái và kiến trúc tổng quan; ghi nguồn tài liệu chính hãng để dùng cho Chương 1. | E3: Thành viên 1 | F3: TV2 | G3: Chương 1 | H3: Nháp Chương 1 + danh sách nguồn | I3: Cuối Tuần 1 | J3: Cao | K3: Hoàn thành
A4: 3 | B4: Tuần 1 | C4: So sánh công nghệ | D4: Chuẩn bị tiêu chí so sánh Spring Boot với 1-2 đối thủ trực tiếp; lập kế hoạch trải nghiệm/đo thực tế thay vì chỉ dịch blog; xác định ít nhất 2 trường hợp KHÔNG NÊN dùng Spring Boot. | E4: Thành viên 1 | F4: TV3 | G4: Chương 1.3 / Chương 2 | H4: Bảng tiêu chí so sánh + kế hoạch đo | I4: Cuối Tuần 2 | J4: Trung bình | K4: Đang làm
A5: 4 | B5: Tuần 1 | C5: Khởi tạo dự án | D5: Tạo Spring Boot project, cấu trúc package controller/service/repository/entity/dto/exception/config; tạo endpoint /api/health; bật Swagger/OpenAPI. | E5: Thành viên 1 | F5: TV3 | G5: Chương 3 | H5: Project chạy + Swagger + health endpoint | I5: Cuối Tuần 1 | J5: Cao | K5: Hoàn thành
A6: 5 | B6: Tuần 1 | C6: Thiết kế dữ liệu case study | D6: Chốt case study quản lý khóa học trực tuyến ở mức minh họa; thiết kế ERD tối thiểu Course, Category, Student, Enrollment; nêu cardinality và khóa chính/ngoại. | E6: Thành viên 2 | F6: TV1 | G6: Chương 11 (nháp) | H6: ERD v1 | I6: Cuối Tuần 1 | J6: Cao | K6: Đang làm
A7: 6 | B7: Tuần 1 | C7: Thiết lập CSDL | D7: Dựng MySQL/PostgreSQL bằng Docker Compose; cấu hình datasource; kiểm tra Spring Boot kết nối DB và tạo bảng bằng JPA. | E7: Thành viên 2 | F7: TV3 | G7: Chương 3 | H7: docker-compose + log kết nối DB + ảnh bảng | I7: Cuối Tuần 1 | J7: Cao | K7: Hoàn thành
A8: 7 | B8: Tuần 1 | C8: Quy trình Git | D8: Tạo GitHub repo, nhánh main/develop/feature, quy ước commit/PR, .gitignore, README khởi đầu; bảo đảm mỗi thành viên có commit thực chất. | E8: Thành viên 3 | F8: TV1, TV2 | G8: Tầng 2 / Phụ lục 2 | H8: Repo + branch convention + commit evidence | I8: Cuối Tuần 1 | J8: Cao | K8: Hoàn thành
A9: 8 | B9: Tuần 1 | C9: Quản lý cấu hình và secret | D9: Tách cấu hình môi trường, tạo .env.example hoặc biến môi trường; không commit password/secret; ghi hướng dẫn chạy lại dự án. | E9: Thành viên 3 | F9: TV2 | G9: Tầng 2 / Chương 3 | H9: .env.example + README setup | I9: Cuối Tuần 1 | J9: Trung bình | K9: Hoàn thành
A10: 9 | B10: Tuần 1 | C10: Viết báo cáo nền | D10: Hoàn thiện Lời mở đầu (lý do, mục tiêu, phạm vi, kế hoạch 5 tuần) và nháp Chương 1-3; không viết cài đặt dài dòng, phải có minh chứng kiến trúc và môi trường. | E10: Thành viên 3 | F10: TV1, TV2 | G10: Lời mở đầu + Chương 1-3 | H10: Bản nháp báo cáo v0.1 | I10: Cuối Tuần 1 | J10: Cao | K10: Hoàn thành
A11: 10 | B11: Tuần 2 | C11: IoC và Dependency Injection | D11: Thực hành bean lifecycle ở mức cần thiết; dùng constructor injection; giải thích ai tạo bean, Spring Container quản lý gì, và mất gì nếu tự new dependency. | E11: Thành viên 1 | F11: TV2 | G11: Chương 4.1 | H11: Code + sơ đồ + log/minh chứng DI | I11: Cuối Tuần 2 | J11: Cao | K11: Đang làm
A12: 11 | B12: Tuần 2 | C12: REST Controller + Service | D12: Xây CourseController và CourseService; tách business logic khỏi controller; mô tả luồng request Controller → Service → Repository → DB. | E12: Thành viên 1 | F12: TV2 | G12: Chương 4.2 | H12: API CRUD Course + sơ đồ luồng | I12: Cuối Tuần 2 | J12: Cao | K12: Đang làm
A13: 12 | B13: Tuần 2 | C13: Spring Data JPA | D13: Tạo Entity/Repository cho Course, Category, Student, Enrollment; cấu hình quan hệ; viết truy vấn repository cần thiết và giải thích cơ chế proxy repository ở mức môn học yêu cầu. | E13: Thành viên 2 | F13: TV1 | G13: Chương 4.3 | H13: Entities + repositories + dữ liệu test | I13: Cuối Tuần 2 | J13: Cao | K13: Chưa bắt đầu
... A28: 27 | B28: Tuần 3 | C28: Weekly Log & minh chứng nhóm | D28: Cập nhật log tuần, người thực hiện, khó khăn/kết quả; chụp Contributors/commit history; bảo đảm commit rải đều và khớp nội dung báo cáo. | E28: Thành viên 2 | F28: TV1, TV3 | G28: Phụ lục 1-2 | H28: Weekly Log tuần 1-3 | I28: Cuối Tuần 3 | J28: Trung bình | K28: Chưa bắt đầu
A29: 28 | B29: Tuần 4 | C29: Tầng 3 - Cache | D29: Chọn kỹ thuật Cache theo tài liệu môn học: Spring Cache + Redis. Thêm Redis vào Docker Compose; thêm dependency Spring Data Redis/Cache; cấu hình kết nối, @EnableCaching và TTL phù hợp. Chọn use case đọc nhiều, thay đổi ít: Course detail và Category list; mô tả cache-aside ở mức ứng dụng. | E29: Thành viên 3 | F29: TV1 | G29: Chương 7 / Tầng 3 | H29: Thiết kế cache + cấu hình dependency | I29: Đầu Tuần 4 | J29: Cao | K29: Chưa bắt đầu | L29: Redis là lựa chọn chính vì được tài liệu môn học nêu trực tiếp ở mục Cache và tối ưu truy vấn.
A30: 29 | B30: Tuần 4 | C30: Áp dụng @Cacheable | D30: Áp dụng @Cacheable cho GET /api/courses/{id} và/hoặc GET /api/categories; kiểm tra cache miss/hit bằng log, số lần query DB và dữ liệu/key trong Redis (redis-cli hoặc công cụ tương đương). | E30: Thành viên 3 | F30: TV2 | G30: Chương 7 | H30: Code @Cacheable + log hit/miss | I30: Giữa Tuần 4 | J30: Cao | K30: Chưa bắt đầu
A31: 30 | B31: Tuần 4 | C31: Cache invalidation | D31: Dùng @CacheEvict hoặc chiến lược tương đương khi update/delete; chứng minh sau khi sửa Course thì cache Redis cũ bị xóa/đổi và request tiếp theo không trả dữ liệu cũ. | E31: Thành viên 3 | F31: TV1 | G31: Chương 7 | H31: Kịch bản invalidation + kết quả | I31: Giữa Tuần 4 | J31: Cao | K31: Chưa bắt đầu
A32: 31 | B32: Tuần 4 | C32: Đo hiệu năng cache | D32: Chạy cùng một workload trước/sau cache; ghi average/min/max latency hoặc số query DB; không bịa số liệu, lưu script/cách đo và điều kiện máy. | E32: Thành viên 2 | F32: TV3 | G32: Chương 7 / 12 | H32: Bảng số liệu thực nghiệm | I32: Cuối Tuần 4 | J32: Cao | K32: Chưa bắt đầu
A33: 32 | B33: Tuần 4 | C33: Tích hợp và refactor | D33: Rà soát toàn bộ module, xóa code trùng, chuẩn hóa DTO/mapper/response, kiểm tra transaction ở nghiệp vụ cần thiết; không thêm feature lớn. | E33: Thành viên 1 | F33: TV2, TV3 | G33: Chương 12 | H33: Main flow ổn định end-to-end | I33: Cuối Tuần 4 | J33: Cao | K33: Chưa bắt đầu
A34: 33 | B34: Tuần 4 | C34: Chương 7 - Cache | D34: Viết lý do chọn Redis, vai trò Spring Cache abstraction và Redis cache provider; trình bày hit/miss, TTL, invalidation, code, kịch bản thực nghiệm và số liệu trước/sau; nêu giới hạn/đánh đổi như phụ thuộc network, serialization và vận hành thêm một service. | E34: Thành viên 3 | F34: TV2 | G34: Chương 7 | H34: Chương 7 hoàn chỉnh | I34: Cuối Tuần 4 | J34: Cao | K34: Chưa bắt đầu
A35: 34 | B35: Tuần 4 | C35: Chương 12 - Triển khai và kết quả | D35: Mô tả kiến thức → quyết định → sản phẩm; đưa Swagger/test/log/số liệu latency; phân biệt phần dùng trực tiếp, phần refactor, phần chỉ là thực nghiệm độc lập. | E35: Thành viên 1 | F35: TV2, TV3 | G35: Chương 12 | H35: Chương 12 v1 | I35: Cuối Tuần 4 | J35: Cao | K35: Chưa bắt đầu
A36: 35 | B36: Tuần 4 | C36: Bảng phủ kỹ thuật | D36: Điền T1/T2/T3 chỉ những nội dung thật sự có trong repo; ghi chức năng, file/commit/version, minh chứng/số liệu; không đưa thí nghiệm độc lập để làm tăng độ phức tạp. | E36: Thành viên 2 | F36: TV1, TV3 | G36: Mục 12.3 | H36: Bảng phủ kỹ thuật v1 | I36: Cuối Tuần 4 | J36: Cao | K36: Chưa bắt đầu
A37: 36 | B37: Tuần 4 | C37: Kiểm thử hồi quy | D37: Chạy lại toàn bộ validation/exception/JPA/cache/test sau refactor; ghi lỗi phát hiện và cách sửa để dùng cho Chương 13.2. | E37: Thành viên 2 | F37: TV1, TV3 | G37: Chương 13.2 | H37: Regression report + danh sách lỗi | I37: Cuối Tuần 4 | J37: Trung bình | K37: Chưa bắt đầu
A38: 37 | B38: Tuần 5 | C38: Chương 13 - Đánh giá | D38: Đối chiếu mục tiêu/phạm vi ban đầu với kết quả; giải thích thay đổi hoặc phần bỏ; phân tích 1-2 lỗi khó kèm ảnh/log và code trước/sau. | E38: Thành viên 1 | F38: TV2 | G38: Chương 13 | H38: Chương 13 hoàn chỉnh | I38: Giữa Tuần 5 | J38: Cao | K38: Chưa bắt đầu
A39: 38 | B39: Tuần 5 | C39: AI Disclosure | D39: Ghi công cụ AI đã dùng, file/chức năng có tỷ trọng AI cao, ít nhất 2 tình huống AI trả lời sai: prompt, câu trả lời sai, cách phát hiện, cách sửa; tự đánh giá phần có thể tự viết lại. | E39: Thành viên 3 | F39: TV1, TV2 | G39: Chương 13.3 | H39: AI Disclosure đầy đủ | I39: Giữa Tuần 5 | J39: Cao | K39: Chưa bắt đầu
A40: 39 | B40: Tuần 5 | C40: Chương 14 - Hướng phát triển | D40: Nêu cải tiến sản phẩm và lộ trình tiếp tục học Spring Boot; tránh liệt kê công nghệ chỉ để làm đẹp. | E40: Thành viên 1 | F40: TV3 | G40: Chương 14 | H40: Chương 14 hoàn chỉnh | I40: Giữa Tuần 5 | J40: Trung bình | K40: Chưa bắt đầu
A41: 40 | B41: Tuần 5 | C41: Phụ lục & tài liệu tham khảo | D41: Hoàn thiện Weekly Log, minh chứng nhóm, bảng tự kiểm ba tầng; rà nguồn chính hãng Spring; bảo đảm log/commit khớp thời gian và nội dung báo cáo. | E41: Thành viên 2 | F41: TV1, TV3 | G41: Tài liệu tham khảo + Phụ lục | H41: Phụ lục hoàn chỉnh | I41: Giữa Tuần 5 | J41: Cao | K41: Chưa bắt đầu
... A46: 45 | B46: Tuần 5 | C46: Niêm phong mã nguồn | D46: Chốt bảng phủ kỹ thuật và report theo đúng commit; tag/release nếu cần; ghi commit hash; kiểm tra checkout từ máy sạch và chạy theo README trước khi niêm phong. | E46: Thành viên 2 | F46: TV1, TV3 | G46: Nộp bài | H46: Commit hash niêm phong + run checklist | I46: Trước bảo vệ ≥24h | J46: Cao | K46: Chưa bắt đầu

Sheet Phan_cong_3_TV
A1: PHÂN CÔNG VAI TRÒ VÀ TRÁCH NHIỆM – 3 THÀNH VIÊN
A3: Thành viên | B3: Vai trò chính | C3: Phạm vi phụ trách chính | D3: Yêu cầu hiểu chéo
A4: Thành viên 1 | B4: Spring Boot Core + kiến trúc + Controller/Service | C4: IoC/DI, REST Controller-Service, kiến trúc project, Course/Category, Chương 1-4, 11-12, luyện hands-on | D4: Không được bỏ qua JPA/Validation/Exception/Cache; phải review chéo và làm mock lab.
A5: Thành viên 2 | B5: JPA + Database + Validation + Testing | C5: ERD/JPA, Student/Enrollment, Bean Validation, test, đo Cache, Chương 5, 12.2-12.3, phụ lục tiến độ | D5: Phải hiểu DI/Controller/Exception/Cache để qua thực hành ngẫu nhiên.
A6: Thành viên 3 | B6: Exception + Cache + DevOps/Tầng 2 | C6: Global Exception Handler, Cache, Git/CI/Docker/README, Chương 3, 6-7, AI Disclosure, Hands-on Lab | D6: Phải hiểu JPA/Validation/Controller-Service và có thể sửa API tại chỗ.
A8: Thành viên | B8: Số task chính | C8: Hoàn thành | D8: Đang làm | E8: Còn lại
A9: Thành viên 1 | B9: =COUNTIF(Ke_hoach_5_tuan!E2:E46,A9) -> 15 | C9: =COUNTIFS(Ke_hoach_5_tuan!E2:E46,A9,Ke_hoach_5_tuan!K2:K46,"Hoàn thành") -> 3 | D9: =COUNTIFS(Ke_hoach_5_tuan!E2:E46,A9,Ke_hoach_5_tuan!K2:K46,"Đang làm") -> 3 | E9: =B9-C9 -> 12
A10: Thành viên 2 | B10: =COUNTIF(Ke_hoach_5_tuan!E2:E46,A10) -> 14 | C10: =COUNTIFS(Ke_hoach_5_tuan!E2:E46,A10,Ke_hoach_5_tuan!K2:K46,"Hoàn thành") -> 1 | D10: =COUNTIFS(Ke_hoach_5_tuan!E2:E46,A10,Ke_hoach_5_tuan!K2:K46,"Đang làm") -> 1 | E10: =B10-C10 -> 13
A11: Thành viên 3 | B11: =COUNTIF(Ke_hoach_5_tuan!E2:E46,A11) -> 16 | C11: =COUNTIFS(Ke_hoach_5_tuan!E2:E46,A11,Ke_hoach_5_tuan!K2:K46,"Hoàn thành") -> 3 | D11: =COUNTIFS(Ke_hoach_5_tuan!E2:E46,A11,Ke_hoach_5_tuan!K2:K46,"Đang làm") -> 0 | E11: =B11-C11 -> 13
A12: Tổng | B12: =SUM(B9:B11) -> 45 | C12: =SUM(C9:C11) -> 7 | D12: =SUM(D9:D11) -> 4 | E12: =SUM(E9:E11) -> 38
A14: Tuần | B14: TV1 trọng tâm | C14: TV2 trọng tâm | D14: TV3 trọng tâm | E14: Review chéo | F14: Mốc chung
A15: Tuần 1 | B15: Core/architecture/Ch1 | C15: ERD/DB/JPA setup | D15: Git/Docker/README/Ch3 | E15: Mỗi người review 1 phần của người khác | F15: Repo + môi trường + Ch1-3
A16: Tuần 2 | B16: DI/Controller-Service | C16: JPA + Bean Validation | D16: Global Exception Handler | E16: Bộ câu hỏi thực hành | F16: T1 + Ch4-6
A17: Tuần 3 | B17: Course/Category + Ch11 | C17: Student/Enrollment + test | D17: Exception toàn hệ thống + CI | E17: Review API & test | F17: Main flow + T2
A18: Tuần 4 | B18: Refactor/integration + Ch12 | C18: Đo cache + bảng phủ | D18: Cache + Ch7 | E18: Regression test | F18: T3 + số liệu
A19: Tuần 5 | B19: Ch13-14 + mock lab | C19: Phụ lục + chấm chéo lab | D19: AI Disclosure + lab + hồ sơ | E19: Bốc ngẫu nhiên thực hành | F19: Niêm phong và nộp

Sheet Checklist_bao_cao
A1: Phần / Chương | B1: Yêu cầu phải có | C1: Minh chứng / Kết quả mong đợi | D1: Phụ trách | E1: Hạn | F1: Trạng thái
A2: Trang tiêu đề | B2: Tên đề tài: “Tìm hiểu và ứng dụng công nghệ Spring Boot”; gọi đúng Spring Boot là backend framework. | C2: Trang bìa đúng mẫu | D2: Thành viên 1 | E2: Tuần 1 | F2: Chưa bắt đầu
A3: Lời mở đầu - Lý do | B3: Nêu lý do chọn Spring Boot, tính mới với sinh viên, mức độ phổ biến/ứng dụng và định hướng nghề nghiệp. | C3: 1-2 đoạn có nguồn | D3: Thành viên 1 | E3: Tuần 1 | F3: Chưa bắt đầu
A4: Lời mở đầu - Mục tiêu | B4: Mục tiêu kiến thức phải liệt kê Tầng 1 bắt buộc; mục tiêu kỹ năng nêu Bean Validation, Global Exception Handler và Cache. | C4: Danh sách mục tiêu rõ ràng | D4: Thành viên 3 | E4: Tuần 1 | F4: Chưa bắt đầu
A5: Lời mở đầu - Phạm vi | B5: Nêu phạm vi 5 tuần, phạm vi công nghệ và case study quản lý khóa học ở mức minh họa. | C5: Phạm vi không quá rộng | D5: Thành viên 3 | E5: Tuần 1 | F5: Chưa bắt đầu
A6: Lời mở đầu - Kế hoạch | B6: Bảng tiến độ 5 tuần được rút gọn nhưng vẫn phủ môi trường, T1, T2, T3, đồ án, lab, báo cáo. | C6: Bảng kế hoạch | D6: Thành viên 3 | E6: Tuần 1 | F6: Chưa bắt đầu
A7: Chương 1 | B7: Bối cảnh/lịch sử; kiến trúc/nguyên lý; gọi đúng loại; so sánh dựa trên trải nghiệm nhóm; ít nhất 2 trường hợp không nên dùng. | C7: Nháp + bảng so sánh | D7: Thành viên 1 | E7: Tuần 2 | F7: Chưa bắt đầu
A8: Chương 2 | B8: Phạm vi ứng dụng; 2-3 trường hợp tiêu biểu; tình hình sử dụng; xu hướng/giới hạn; nguồn và ngày khảo sát. | C8: 1-2 trang cô đọng | D8: Thành viên 1 | E8: Tuần 2 | F8: Chưa bắt đầu
A9: Chương 3 | B9: Công cụ, cài đặt tóm tắt, kiến trúc dự án, minh chứng môi trường kết nối thành công. | C9: Ảnh/log/file cấu hình | D9: Thành viên 3 | E9: Tuần 1 | F9: Chưa bắt đầu
A10: Chương 4 | B10: IoC/DI; REST Controller + Service; Spring Data JPA. Mỗi mục: cơ chế → code → kết quả → ý nghĩa/vị trí trong đồ án. | C10: Bảng minh chứng T1 | D10: Thành viên 1 | E10: Tuần 2 | F10: Chưa bắt đầu
A11: Chương 5 | B11: Bean Validation: lý do chọn, cơ chế, DTO/annotation, thực nghiệm request sai, kết quả và vị trí trong đồ án. | C11: Code + test + response | D11: Thành viên 2 | E11: Tuần 2 | F11: Chưa bắt đầu
A12: Chương 6 | B12: Global Exception Handler: AppException/ErrorCode/ApiResponse; validation exception và business exception; response chuẩn. | C12: Code + test + response | D12: Thành viên 3 | E12: Tuần 2 | F12: Chưa bắt đầu
... A28: Video demo | B28: 2-3 phút nếu thực hiện; quay luồng chính + minh chứng validation/exception/cache. | C28: Video | D28: Thành viên 2 | E28: Tuần 5 | F28: Chưa bắt đầu

Sheet Bang_phu_ky_thuat
A1: Tầng | B1: Nội dung kỹ thuật | C1: Loại yêu cầu | D1: Dùng ở đâu trong đồ án | E1: Phụ trách chính | F1: Minh chứng / Số liệu cần chuẩn bị | G1: Trạng thái
A2: T1 | B2: IoC & Dependency Injection | C2: Bắt buộc lõi | D2: CourseService và dependency injection | E2: TV1 | F2: Code/service + sơ đồ + log | G2: Chưa bắt đầu
A3: T1 | B3: REST Controller + Service | C3: Bắt buộc lõi | D3: Course/Category/Student/Enrollment API | E3: TV1 | F3: Swagger + controller/service | G3: Chưa bắt đầu
A4: T1 | B4: Spring Data JPA | C4: Bắt buộc lõi | D4: Entity, Repository, quan hệ và query | E4: TV2 | F4: Code repository + DB data | G4: Chưa bắt đầu
A5: T1+ | B5: Bean Validation | C5: Chọn thêm | D5: Create/Update DTO; validation lỗi đầu vào | E5: TV2 | F5: DTO + 400 response + test | G5: Chưa bắt đầu
A6: T1+ | B6: Global Exception Handler | C6: Chọn thêm | D6: Validation + business exception toàn API | E6: TV3 | F6: Handler + ApiResponse + test | G6: Chưa bắt đầu
A7: T2 | B7: Quản lý phiên bản | C7: Bắt buộc theo đặc thù | D7: Feature branch, PR, review chéo | E7: TV3 | F7: Repo/PR/commit history | G7: Chưa bắt đầu
A8: T2 | B8: Khả năng tái lập | C8: Bắt buộc theo đặc thù | D8: Docker Compose DB + README | E8: TV3 | F8: docker-compose + README | G8: Chưa bắt đầu
A9: T2 | B9: Quản lý bí mật | C9: Bắt buộc theo đặc thù | D9: Environment variables/.env.example | E9: TV3 | F9: Config + git history | G9: Chưa bắt đầu
A10: T2 | B10: Kiểm thử | C10: Bắt buộc theo đặc thù | D10: Service/repository/API tests | E10: TV2 | F10: Test report | G10: Chưa bắt đầu
A11: T2 | B11: Tích hợp liên tục | C11: Bắt buộc theo đặc thù | D11: GitHub Actions build/test | E11: TV3 | F11: CI run | G11: Chưa bắt đầu
A12: T2 | B12: Bảo mật mức nhận biết | C12: Bắt buộc theo đặc thù | D12: Validation, ORM chống SQL injection, CORS hợp lý, không lộ secret | E12: TV1 | F12: Checklist bảo mật | G12: Chưa bắt đầu
... A15: T3 | B15: Cache | C15: Đề xuất nâng cao dễ | D15: Spring Cache + Redis cho Course detail/Category list | E15: TV3 | F15: Hit/miss + TTL + invalidation + Redis key/data + số liệu before/after | G15: Chưa bắt đầu
A18: Căn cứ lập kế hoạch: “Danh mục công nghệ và yêu cầu học tập” (Spring Boot: F2; Tầng 2: Phần D; Cache: C2) và “Cấu trúc báo cáo” (Lời mở đầu, Chương 1-14, Bảng phủ kỹ thuật, Hands-on Lab, Phụ lục, quy định nộp bài).
